{
  "location": "batumi",
  "generated_at": "2025-10-05T13:12:42.020114Z",
  "horizon_months": 12,
  "months": [
    "Jan",
    "Feb",
    "Mar",
    "Apr",
    "May",
    "Jun",
    "Jul",
    "Aug",
    "Sep",
    "Oct",
    "Nov",
    "Dec"
  ],
  "forecast": {
    "precipitation": [
      4.459384204194352,
      3.6110050905162328,
      3.604887787411494,
      2.574871789028591,
      2.4829897473067364,
      2.742756728024533,
      2.643800227034943,
      2.44991506411231,
      4.418718289754164,
      5.185726729128803,
      4.925894606619659,
      4.259451864128621
    ],
    "temperature": [
      2.4549541850527294,
      3.872060348684043,
      7.176851606149413,
      12.633654837887715,
      17.152094089483583,
      21.45210100318465,
      23.905646881016573,
      25.567353813187776,
      21.611344642013215,
      16.42352128498773,
      10.309008656696589,
      5.298727137421595
    ],
    "windSpeed": [
      14.642537991604708,
      14.217642713815753,
      12.721300658139945,
      11.176365182406792,
      10.31660557709058,
      10.732826836950261,
      11.750905023563712,
      12.099001185678501,
      11.809529556203852,
      10.809293193736679,
      11.832102159009242,
      13.375870351271814
    ],
    "humidity": [
      88.64702767376039,
      86.39705199178657,
      83.04354588342214,
      77.78848130300774,
      77.30807575021194,
      78.3120978038956,
      78.12035187841126,
      74.86758969325743,
      76.0339847307077,
      78.27208746370898,
      81.37857622797543,
      85.8115109136682
    ]
  },
  "ci_lower": {
    "precipitation": [
      1.4365020189653515,
      0.5881229052872321,
      0.5820056021824933,
      -0.44801039620040983,
      -0.5398924379222643,
      -0.2801254572044676,
      -0.37908195819405766,
      -0.5729671211166907,
      1.3958361045251633,
      2.1628445438998027,
      1.9030124213906583,
      1.2365696788996208
    ],
    "temperature": [
      -1.6230405750164625,
      -0.20593441138514912,
      3.0988568460802215,
      8.555660077818523,
      13.074099329414391,
      17.37410624311546,
      19.82765212094738,
      21.489359053118584,
      17.533349881944023,
      12.345526524918537,
      6.231013896627397,
      1.2207323773524035
    ],
    "windSpeed": [
      12.584777667355805,
      12.15988238956685,
      10.663540333891042,
      9.118604858157887,
      8.258845252841677,
      8.675066512701356,
      9.693144699314807,
      10.041240861429596,
      9.751769231954949,
      8.751532869487775,
      9.774341834760339,
      11.318110027022911
    ],
    "humidity": [
      80.28305223260566,
      78.03307655063183,
      74.6795704422674,
      69.424505861853,
      68.9441003090572,
      69.94812236274086,
      69.75637643725652,
      66.5036142521027,
      67.67000928955297,
      69.90811202255425,
      73.0146007868207,
      77.44753547251347
    ]
  },
  "ci_upper": {
    "precipitation": [
      7.482266389423353,
      6.633887275745233,
      6.627769972640495,
      5.597753974257591,
      5.505871932535737,
      5.765638913253534,
      5.666682412263944,
      5.47279724934131,
      7.441600474983165,
      8.208608914357804,
      7.94877679184866,
      7.2823340493576225
    ],
    "temperature": [
      6.532948945121921,
      7.950055108753235,
      11.254846366218604,
      16.711649597956907,
      21.230088849552775,
      25.530095763253843,
      27.983641641085764,
      29.645348573256967,
      25.689339402082407,
      20.50151604505692,
      14.387003416765781,
      9.376721897490787
    ],
    "windSpeed": [
      16.700298315853612,
      16.275403038064656,
      14.779060982388849,
      13.234125506655698,
      12.374365901339484,
      12.790587161199166,
      13.808665347812617,
      14.156761509927406,
      13.867289880452756,
      12.867053517985582,
      13.889862483258145,
      15.433630675520718
    ],
    "humidity": [
      97.01100311491513,
      94.7610274329413,
      91.40752132457688,
      86.15245674416248,
      85.67205119136668,
      86.67607324505033,
      86.48432731956599,
      83.23156513441216,
      84.39796017186244,
      86.63606290486372,
      89.74255166913017,
      94.17548635482294
    ]
  },
  "meta": {
    "model": "Ridge + seasonal one-hot + trend + sin/cos",
    "units": {
      "precipitation": "mm",
      "temperature": "°C",
      "windSpeed": "km/h",
      "humidity": "%"
    }
  }
}