{
  "location": "kutaisi",
  "generated_at": "2025-10-05T13:12:42.417253Z",
  "horizon_months": 12,
  "months": [
    "Jan",
    "Feb",
    "Mar",
    "Apr",
    "May",
    "Jun",
    "Jul",
    "Aug",
    "Sep",
    "Oct",
    "Nov",
    "Dec"
  ],
  "forecast": {
    "precipitation": [
      3.692961460423499,
      3.2444661565319453,
      3.882404829906503,
      2.843670776342585,
      2.8978083162773816,
      3.1326810857776346,
      2.753127061823741,
      2.0781423338817726,
      3.8152647489408587,
      4.057608839253379,
      3.964469456906917,
      3.3690351931772846
    ],
    "temperature": [
      3.369255867781595,
      5.064903230782434,
      8.59082514688468,
      15.073420345262834,
      20.055257462795883,
      25.26141200883881,
      28.21477623602959,
      30.020329606541065,
      24.51813184503629,
      18.147408972945495,
      11.303842031162175,
      6.308225454007719
    ],
    "windSpeed": [
      10.552774421686639,
      11.715404498506057,
      11.883775626502539,
      10.949307241531711,
      9.84836017155329,
      9.530659136324314,
      9.946561388224563,
      10.186688367428859,
      9.960991327986566,
      9.447150400453717,
      9.598341153320167,
      9.84814946590722
    ],
    "humidity": [
      86.87240271369838,
      85.43165661557046,
      83.8182003042302,
      77.93941656300849,
      75.88639924519416,
      72.32906051433174,
      70.09997315846047,
      63.701045924891226,
      68.82926826144134,
      74.88157377184643,
      79.855173278711,
      83.07388170502409
    ]
  },
  "ci_lower": {
    "precipitation": [
      0.7466514075614397,
      0.2981561036698861,
      0.9360947770444437,
      -0.10263927651947435,
      -0.0485017365846776,
      0.18637103291557544,
      -0.19318299103831826,
      -0.8681677189802866,
      0.8689546960787995,
      1.1112987863913197,
      1.0181594040448578,
      0.42272514031522546
    ],
    "temperature": [
      -1.2359140314602852,
      0.45973333154055407,
      3.985655247642799,
      10.468250446020953,
      15.450087563554003,
      20.65624210959693,
      23.60960633678771,
      25.415159707299185,
      19.91296194579441,
      13.542239073703616,
      6.698672131920294,
      1.7030555547658386
    ],
    "windSpeed": [
      8.888637008446896,
      10.051267085266314,
      10.219638213262796,
      9.285169828291968,
      8.184222758313547,
      7.8665217230845705,
      8.28242397498482,
      8.522550954189116,
      8.296853914746823,
      7.783012987213974,
      7.934203740080424,
      8.184012052667477
    ],
    "humidity": [
      76.19179931182065,
      74.75105321369273,
      73.13759690235247,
      67.25881316113076,
      65.20579584331642,
      61.648457112454004,
      59.41936975658273,
      53.020442523013486,
      58.1486648595636,
      64.2009703699687,
      69.17456987683327,
      72.39327830314636
    ]
  },
  "ci_upper": {
    "precipitation": [
      6.639271513285558,
      6.190776209394004,
      6.828714882768562,
      5.789980829204644,
      5.844118369139441,
      6.078991138639694,
      5.6994371146858,
      5.024452386743832,
      6.761574801802918,
      7.003918892115438,
      6.910779509768976,
      6.315345246039344
    ],
    "temperature": [
      7.974425767023475,
      9.670073130024313,
      13.195995046126558,
      19.678590244504715,
      24.660427362037762,
      29.86658190808069,
      32.81994613527147,
      34.62549950578295,
      29.12330174427817,
      22.752578872187375,
      15.909011930404056,
      10.913395353249598
    ],
    "windSpeed": [
      12.216911834926382,
      13.3795419117458,
      13.547913039742282,
      12.613444654771454,
      11.512497584793033,
      11.194796549564057,
      11.610698801464306,
      11.850825780668602,
      11.625128741226309,
      11.11128781369346,
      11.26247856655991,
      11.512286879146963
    ],
    "humidity": [
      97.55300611557611,
      96.1122600174482,
      94.49880370610794,
      88.62001996488623,
      86.56700264707189,
      83.00966391620948,
      80.7805765603382,
      74.38164932676897,
      79.50987166331907,
      85.56217717372417,
      90.53577668058874,
      93.75448510690183
    ]
  },
  "meta": {
    "model": "Ridge + seasonal one-hot + trend + sin/cos",
    "units": {
      "precipitation": "mm",
      "temperature": "°C",
      "windSpeed": "km/h",
      "humidity": "%"
    }
  }
}