{
  "location": "tbilisi",
  "generated_at": "2025-10-05T13:12:41.604765Z",
  "horizon_months": 12,
  "months": [
    "Jan",
    "Feb",
    "Mar",
    "Apr",
    "May",
    "Jun",
    "Jul",
    "Aug",
    "Sep",
    "Oct",
    "Nov",
    "Dec"
  ],
  "forecast": {
    "precipitation": [
      0.4153945280844825,
      0.43665808846168913,
      0.9265340360343965,
      1.1832722877276975,
      1.8685475992763187,
      1.8575756571344133,
      0.7731965954619622,
      0.5571414091959501,
      0.7771379472819115,
      1.0639923528160917,
      0.6237490226116962,
      0.31695673514032485
    ],
    "temperature": [
      6.649491374858298,
      8.864490943272719,
      13.462482417726587,
      19.263106240967712,
      24.03181137156569,
      29.344878369827946,
      32.480153223018185,
      32.45273815322639,
      26.823270419536215,
      19.863442139439343,
      13.271716883782863,
      8.521868367732958
    ],
    "windSpeed": [
      16.69190987056464,
      18.578939885642725,
      20.725841525197104,
      19.005626368883018,
      17.059180410440067,
      16.978626084530863,
      17.913223260417677,
      16.866168720782618,
      16.55642275235354,
      15.407304864440274,
      15.045398423817156,
      15.092955189369972
    ],
    "humidity": [
      69.17132637930432,
      66.74829067404984,
      62.67808449659667,
      60.52171381657676,
      59.82323370592662,
      53.54837780861132,
      47.83243406231087,
      45.89220396361991,
      56.971680034387674,
      68.07088865258935,
      70.94674792005924,
      72.01405261065104
    ]
  },
  "ci_lower": {
    "precipitation": [
      -0.9888092733116717,
      -0.9675457129344651,
      -0.47766976536175765,
      -0.22093151366845665,
      0.46434379788016455,
      0.4533718557382591,
      -0.631007205934192,
      -0.8470623922002041,
      -0.6270658541142426,
      -0.34021144858006247,
      -0.780454778784458,
      -1.0872470662558293
    ],
    "temperature": [
      2.53197446317727,
      4.74697403159169,
      9.344965506045558,
      15.145589329286683,
      19.914294459884662,
      25.227361458146916,
      28.362636311337155,
      28.335221241545362,
      22.705753507855185,
      15.745925227758313,
      9.154199972101836,
      4.40435145605193
    ],
    "windSpeed": [
      12.889095733822277,
      14.776125748900363,
      16.92302738845474,
      15.202812232140655,
      13.256366273697704,
      13.1758119477885,
      14.110409123675314,
      13.063354584040255,
      12.753608615611178,
      11.604490727697911,
      11.242584287074793,
      11.29014105262761
    ],
    "humidity": [
      59.17285917960302,
      56.749823474348545,
      52.67961729689537,
      50.52324661687547,
      49.82476650622533,
      43.549910608910025,
      37.83396686260957,
      35.893736763918625,
      46.97321283468638,
      58.07242145288805,
      60.94828072035794,
      62.01558541094974
    ]
  },
  "ci_upper": {
    "precipitation": [
      1.8195983294806366,
      1.8408618898578433,
      2.3307378374305507,
      2.587476089123852,
      3.272751400672473,
      3.2617794585305675,
      2.1774003968581166,
      1.9613452105921043,
      2.181341748678066,
      2.468196154212246,
      2.0279528240078504,
      1.721160536536479
    ],
    "temperature": [
      10.767008286539326,
      12.982007854953746,
      17.579999329407617,
      23.38062315264874,
      28.14932828324672,
      33.462395281508975,
      36.597670134699214,
      36.57025506490742,
      30.940787331217244,
      23.980959051120372,
      17.38923379546389,
      12.639385279413986
    ],
    "windSpeed": [
      20.494724007307003,
      22.38175402238509,
      24.528655661939467,
      22.80844050562538,
      20.86199454718243,
      20.781440221273225,
      21.71603739716004,
      20.66898285752498,
      20.359236889095904,
      19.210119001182637,
      18.848212560559517,
      18.895769326112337
    ],
    "humidity": [
      79.16979357900561,
      76.74675787375114,
      72.67655169629796,
      70.52018101627804,
      69.8217009056279,
      63.546845008312616,
      57.83090126201216,
      55.8906711633212,
      66.97014723408897,
      78.06935585229064,
      80.94521511976053,
      82.01251981035233
    ]
  },
  "meta": {
    "model": "Ridge + seasonal one-hot + trend + sin/cos",
    "units": {
      "precipitation": "mm",
      "temperature": "°C",
      "windSpeed": "km/h",
      "humidity": "%"
    }
  }
}